I,13.59,-6.25,0,4,35,18,3,0,2,5,46,0,0,0,0,0,0,0,0
I,13.59,-6.25,0,4,35,18,3,0,2,5,46,0,0,0,0,0,0,0,0
I,13.59,-6.25,0,4,35,18,3,0,2,5,46,0,0,0,0,0,0,0,0
I,13.59,-6.25,0,4,35,18,3,0,2,5,46,0,0,0,0,0,0,0,0
I,13.59,-6.25,0,4,35,18,3,0,2,5,46,0,0,0,0,0,0,0,0
I,13.55,-6.24,0,4,35,18,3,0,2,5,46,0,0,0,0,0,0,0,0
I,13.55,-6.24,0,4,35,18,3,0,2,5,46,0,0,0,0,0,0,0,0
I,13.55,-6.24,0,4,35,18,3,0,2,5,46,0,0,0,0,0,0,0,0
I,13.55,-6.24,0,4,35,18,3,0,2,5,46,0,0,0,0,0,0,0,0
I,13.55,-6.24,0,4,35,18,3,0,2,5,46,0,0,0,0,0,0,0,0
I,13.51,-6.33,0,18,14,31,23,3,41,44,23,25,46,45,45,39,37,46,48
I,13.51,-6.33,0,18,14,31,23,3,41,44,23,0,0,0,0,0,0,0,0
I,13.51,-6.33,0,18,14,31,23,3,41,44,23,0,0,0,0,0,0,0,0
I,13.51,-6.33,0,18,14,31,23,3,41,44,23,0,0,0,0,0,0,0,0
I,13.51,-6.33,0,18,14,31,23,3,41,44,23,0,0,0,0,0,0,0,0
I,13.62,-6.25,0,18,14,31,23,3,41,44,23,0,0,0,0,0,0,0,0
I,13.62,-6.25,0,18,14,31,23,3,41,44,23,0,0,0,0,0,0,0,0
I,13.62,-6.25,0,18,14,31,23,3,41,44,23,0,0,0,0,0,0,0,0
I,13.62,-6.25,0,18,14,31,23,3,41,44,23,0,0,0,0,0,0,0,0
I,13.62,-6.25,0,18,14,31,23,3,41,44,23,0,0,0,0,0,0,0,0
I,13.58,-6.26,0,18,14,31,23,3,41,44,23,0,0,0,0,0,0,0,0
I,13.58,-6.26,0,38,37,2,16,33,4,31,3,26,5,11,10,4,24,14,36
I,13.58,-6.26,0,38,37,2,16,33,4,31,3,0,0,0,0,0,0,0,0
I,13.58,-6.26,0,38,37,2,16,33,4,31,3,0,0,0,0,0,0,0,0
I,13.58,-6.26,0,38,37,2,16,33,4,31,3,0,0,0,0,0,0,0,0
I,13.53,-6.34,0,38,37,2,16,33,4,31,3,0,0,0,0,0,0,0,0
I,13.53,-6.34,0,38,37,2,16,33,4,31,3,0,0,0,0,0,0,0,0
I,13.53,-6.34,0,38,37,2,16,33,4,31,3,0,0,0,0,0,0,0,0
I,13.53,-6.34,0,38,37,2,16,33,4,31,3,0,0,0,0,0,0,0,0
I,13.53,-6.34,0,38,37,2,16,33,4,31,3,0,0,0,0,0,0,0,0
I,13.55,-6.20,0,38,37,2,16,33,4,31,3,0,0,0,0,0,0,0,0
I,13.55,-6.20,0,38,37,2,16,33,4,31,3,0,0,0,0,0,0,0,0
I,13.55,-6.20,0,3,34,40,0,48,21,15,11,10,29,32,15,12,4,30,7
I,13.55,-6.20,0,3,34,40,0,48,21,15,11,0,0,0,0,0,0,0,0
I,13.55,-6.20,0,3,34,40,0,48,21,15,11,0,0,0,0,0,0,0,0
I,13.48,-6.45,0,3,34,40,0,48,21,15,11,0,0,0,0,0,0,0,0
I,13.48,-6.45,0,3,34,40,0,48,21,15,11,0,0,0,0,0,0,0,0
I,13.48,-6.45,0,3,34,40,0,48,21,15,11,0,0,0,0,0,0,0,0
I,13.48,-6.45,0,3,34,40,0,48,21,15,11,0,0,0,0,0,0,0,0
I,13.48,-6.45,0,3,34,40,0,48,21,15,11,0,0,0,0,0,0,0,0
I,13.55,-6.28,0,3,34,40,0,48,21,15,11,0,0,0,0,0,0,0,0
I,13.55,-6.28,0,3,34,40,0,48,21,15,11,0,0,0,0,0,0,0,0
I,13.55,-6.28,0,3,34,40,0,48,21,15,11,0,0,0,0,0,0,0,0
I,13.55,-6.28,0,41,7,15,12,46,5,31,16,36,18,6,34,40,18,38,33
I,13.55,-6.28,0,41,7,15,12,46,5,31,16,0,0,0,0,0,0,0,0
I,13.52,-6.24,0,41,7,15,12,46,5,31,16,0,0,0,0,0,0,0,0
I,13.52,-6.24,0,41,7,15,12,46,5,31,16,0,0,0,0,0,0,0,0
I,13.52,-6.24,0,41,7,15,12,46,5,31,16,0,0,0,0,0,0,0,0
I,13.52,-6.24,0,41,7,15,12,46,5,31,16,0,0,0,0,0,0,0,0
I,13.52,-6.24,0,41,7,15,12,46,5,31,16,0,0,0,0,0,0,0,0
I,13.53,-6.29,0,41,7,15,12,46,5,31,16,0,0,0,0,0,0,0,0
I,13.53,-6.29,0,41,7,15,12,46,5,31,16,0,0,0,0,0,0,0,0
I,13.53,-6.29,0,41,7,15,12,46,5,31,16,0,0,0,0,0,0,0,0
I,13.53,-6.29,0,41,7,15,12,46,5,31,16,0,0,0,0,0,0,0,0
I,13.53,-6.29,0,41,25,12,39,28,4,3,4,29,16,2,24,16,28,6,3
I,13.57,-6.31,0,41,25,12,39,28,4,3,4,0,0,0,0,0,0,0,0
I,13.57,-6.31,0,41,25,12,39,28,4,3,4,0,0,0,0,0,0,0,0
I,13.57,-6.31,0,41,25,12,39,28,4,3,4,0,0,0,0,0,0,0,0
I,13.57,-6.31,0,41,25,12,39,28,4,3,4,0,0,0,0,0,0,0,0
I,13.57,-6.31,0,41,25,12,39,28,4,3,4,0,0,0,0,0,0,0,0
I,13.48,-6.41,0,41,25,12,39,28,4,3,4,0,0,0,0,0,0,0,0
I,13.48,-6.41,0,41,25,12,39,28,4,3,4,0,0,0,0,0,0,0,0
I,13.48,-6.41,0,41,25,12,39,28,4,3,4,0,0,0,0,0,0,0,0
I,13.48,-6.41,0,41,25,12,39,28,4,3,4,0,0,0,0,0,0,0,0
I,13.48,-6.41,0,41,25,12,39,28,4,3,4,0,0,0,0,0,0,0,0
I,13.55,-6.21,0,22,4,5,16,36,24,34,22,4,19,6,10,7,42,36,7
I,13.55,-6.21,0,22,4,5,16,36,24,34,22,0,0,0,0,0,0,0,0
I,13.55,-6.21,0,22,4,5,16,36,24,34,22,0,0,0,0,0,0,0,0
I,13.55,-6.21,0,22,4,5,16,36,24,34,22,0,0,0,0,0,0,0,0
I,13.55,-6.21,0,22,4,5,16,36,24,34,22,0,0,0,0,0,0,0,0
I,13.59,-6.20,0,22,4,5,16,36,24,34,22,0,0,0,0,0,0,0,0
I,13.59,-6.20,0,22,4,5,16,36,24,34,22,0,0,0,0,0,0,0,0
I,13.59,-6.20,0,22,4,5,16,36,24,34,22,0,0,0,0,0,0,0,0
I,13.59,-6.20,0,22,4,5,16,36,24,34,22,0,0,0,0,0,0,0,0
I,13.59,-6.20,0,22,4,5,16,36,24,34,22,0,0,0,0,0,0,0,0
I,13.53,-6.26,0,22,4,5,16,36,24,34,22,0,0,0,0,0,0,0,0
I,13.53,-6.26,0,33,14,22,22,35,33,47,16,11,0,22,47,34,32,16,9
I,13.53,-6.26,0,33,14,22,22,35,33,47,16,0,0,0,0,0,0,0,0
I,13.53,-6.26,0,33,14,22,22,35,33,47,16,0,0,0,0,0,0,0,0
I,13.53,-6.26,0,33,14,22,22,35,33,47,16,0,0,0,0,0,0,0,0
I,13.69,-6.33,0,33,14,22,22,35,33,47,16,0,0,0,0,0,0,0,0
I,13.69,-6.33,0,33,14,22,22,35,33,47,16,0,0,0,0,0,0,0,0
I,13.69,-6.33,0,33,14,22,22,35,33,47,16,0,0,0,0,0,0,0,0
I,13.69,-6.33,0,33,14,22,22,35,33,47,16,0,0,0,0,0,0,0,0
I,13.69,-6.33,0,33,14,22,22,35,33,47,16,0,0,0,0,0,0,0,0
I,13.53,-6.28,0,33,14,22,22,35,33,47,16,0,0,0,0,0,0,0,0
I,13.53,-6.28,0,33,14,22,22,35,33,47,16,0,0,0,0,0,0,0,0
I,13.53,-6.28,0,21,0,44,29,38,45,17,49,34,49,15,10,38,21,32,0
I,13.53,-6.28,0,21,0,44,29,38,45,17,49,0,0,0,0,0,0,0,0
I,13.53,-6.28,0,21,0,44,29,38,45,17,49,0,0,0,0,0,0,0,0
I,13.57,-6.24,0,21,0,44,29,38,45,17,49,0,0,0,0,0,0,0,0
I,13.57,-6.24,0,21,0,44,29,38,45,17,49,0,0,0,0,0,0,0,0
I,13.57,-6.24,0,21,0,44,29,38,45,17,49,0,0,0,0,0,0,0,0
I,13.57,-6.24,0,21,0,44,29,38,45,17,49,0,0,0,0,0,0,0,0
I,13.57,-6.24,0,21,0,44,29,38,45,17,49,0,0,0,0,0,0,0,0
I,13.59,-6.30,0,21,0,44,29,38,45,17,49,0,0,0,0,0,0,0,0
I,13.59,-6.30,0,21,0,44,29,38,45,17,49,0,0,0,0,0,0,0,0
I,13.59,-6.30,0,21,0,44,29,38,45,17,49,0,0,0,0,0,0,0,0
I,13.59,-6.30,0,20,9,14,18,32,26,27,35,44,15,33,21,45,27,44,44
I,13.59,-6.30,0,20,9,14,18,32,26,27,35,0,0,0,0,0,0,0,0
I,13.59,-6.30,0,20,9,14,18,32,26,27,35,0,0,0,0,0,0,0,0
I,13.59,-6.30,0,20,9,14,18,32,26,27,35,0,0,0,0,0,0,0,0
I,13.59,-6.30,0,20,9,14,18,32,26,27,35,0,0,0,0,0,0,0,0
I,13.59,-6.30,0,20,9,14,18,32,26,27,35,0,0,0,0,0,0,0,0
I,13.59,-6.30,0,20,9,14,18,32,26,27,35,0,0,0,0,0,0,0,0
I,13.58,-6.26,0,20,9,14,18,32,26,27,35,0,0,0,0,0,0,0,0
I,13.58,-6.26,0,20,9,14,18,32,26,27,35,0,0,0,0,0,0,0,0
I,13.58,-6.26,0,20,9,14,18,32,26,27,35,0,0,0,0,0,0,0,0
I,13.58,-6.26,0,20,9,14,18,32,26,27,35,0,0,0,0,0,0,0,0
I,13.58,-6.26,0,28,14,23,38,36,7,21,2,14,0,26,41,38,39,23,13
I,13.54,-6.30,0,28,14,23,38,36,7,21,2,0,0,0,0,0,0,0,0
I,13.54,-6.30,0,28,14,23,38,36,7,21,2,0,0,0,0,0,0,0,0
I,13.54,-6.30,0,28,14,23,38,36,7,21,2,0,0,0,0,0,0,0,0
I,13.54,-6.30,0,28,14,23,38,36,7,21,2,0,0,0,0,0,0,0,0
I,13.54,-6.30,0,28,14,23,38,36,7,21,2,0,0,0,0,0,0,0,0
I,13.54,-6.27,0,28,14,23,38,36,7,21,2,0,0,0,0,0,0,0,0
I,13.54,-6.27,0,28,14,23,38,36,7,21,2,0,0,0,0,0,0,0,0
I,13.54,-6.27,0,28,14,23,38,36,7,21,2,0,0,0,0,0,0,0,0
I,13.54,-6.27,0,28,14,23,38,36,7,21,2,0,0,0,0,0,0,0,0
I,13.54,-6.27,0,28,14,23,38,36,7,21,2,0,0,0,0,0,0,0,0
I,13.63,-6.33,0,5,48,23,44,4,39,7,10,46,8,7,48,2,36,18,35
I,13.63,-6.33,0,5,48,23,44,4,39,7,10,0,0,0,0,0,0,0,0
I,13.63,-6.33,0,5,48,23,44,4,39,7,10,0,0,0,0,0,0,0,0
I,13.63,-6.33,0,5,48,23,44,4,39,7,10,0,0,0,0,0,0,0,0
I,13.63,-6.33,0,5,48,23,44,4,39,7,10,0,0,0,0,0,0,0,0
I,13.58,-6.24,0,5,48,23,44,4,39,7,10,0,0,0,0,0,0,0,0
I,13.58,-6.24,0,5,48,23,44,4,39,7,10,0,0,0,0,0,0,0,0
I,13.58,-6.24,0,5,48,23,44,4,39,7,10,0,0,0,0,0,0,0,0
I,13.58,-6.24,0,5,48,23,44,4,39,7,10,0,0,0,0,0,0,0,0
I,13.58,-6.24,0,5,48,23,44,4,39,7,10,0,0,0,0,0,0,0,0
I,13.56,-6.21,0,5,48,23,44,4,39,7,10,0,0,0,0,0,0,0,0
I,13.56,-6.21,0,44,29,6,34,38,23,7,20,32,15,22,9,27,33,3,24
I,13.56,-6.21,0,44,29,6,34,38,23,7,20,0,0,0,0,0,0,0,0
I,13.56,-6.21,0,44,29,6,34,38,23,7,20,0,0,0,0,0,0,0,0
I,13.56,-6.21,0,44,29,6,34,38,23,7,20,0,0,0,0,0,0,0,0
I,13.65,-6.31,0,44,29,6,34,38,23,7,20,0,0,0,0,0,0,0,0
I,13.65,-6.31,0,44,29,6,34,38,23,7,20,0,0,0,0,0,0,0,0
I,13.65,-6.31,0,44,29,6,34,38,23,7,20,0,0,0,0,0,0,0,0
I,13.65,-6.31,0,44,29,6,34,38,23,7,20,0,0,0,0,0,0,0,0
I,13.65,-6.31,0,44,29,6,34,38,23,7,20,0,0,0,0,0,0,0,0
I,13.51,-6.24,0,44,29,6,34,38,23,7,20,0,0,0,0,0,0,0,0
I,13.51,-6.24,0,44,29,6,34,38,23,7,20,0,0,0,0,0,0,0,0
I,13.51,-6.24,0,33,37,48,1,5,27,27,29,33,7,6,42,22,22,22,21
I,13.51,-6.24,0,33,37,48,1,5,27,27,29,0,0,0,0,0,0,0,0
I,13.51,-6.24,0,33,37,48,1,5,27,27,29,0,0,0,0,0,0,0,0
I,13.52,-6.25,0,33,37,48,1,5,27,27,29,0,0,0,0,0,0,0,0
I,13.52,-6.25,0,33,37,48,1,5,27,27,29,0,0,0,0,0,0,0,0
I,13.52,-6.25,0,33,37,48,1,5,27,27,29,0,0,0,0,0,0,0,0
I,13.52,-6.25,0,33,37,48,1,5,27,27,29,0,0,0,0,0,0,0,0
I,13.52,-6.25,0,33,37,48,1,5,27,27,29,0,0,0,0,0,0,0,0
I,13.51,-6.29,0,33,37,48,1,5,27,27,29,0,0,0,0,0,0,0,0
I,13.51,-6.29,0,33,37,48,1,5,27,27,29,0,0,0,0,0,0,0,0
I,13.51,-6.29,0,33,37,48,1,5,27,27,29,0,0,0,0,0,0,0,0
I,13.51,-6.29,0,43,47,13,15,46,9,32,41,12,41,38,26,22,7,7,29
I,13.51,-6.29,0,43,47,13,15,46,9,32,41,0,0,0,0,0,0,0,0
I,13.50,-6.27,0,43,47,13,15,46,9,32,41,0,0,0,0,0,0,0,0
I,13.50,-6.27,0,43,47,13,15,46,9,32,41,0,0,0,0,0,0,0,0
I,13.50,-6.27,0,43,47,13,15,46,9,32,41,0,0,0,0,0,0,0,0
I,13.50,-6.27,0,43,47,13,15,46,9,32,41,0,0,0,0,0,0,0,0
I,13.50,-6.27,0,43,47,13,15,46,9,32,41,0,0,0,0,0,0,0,0
I,13.58,-6.20,0,43,47,13,15,46,9,32,41,0,0,0,0,0,0,0,0
I,13.58,-6.20,0,43,47,13,15,46,9,32,41,0,0,0,0,0,0,0,0
I,13.58,-6.20,0,43,47,13,15,46,9,32,41,0,0,0,0,0,0,0,0
I,13.58,-6.20,0,43,47,13,15,46,9,32,41,0,0,0,0,0,0,0,0
I,13.58,-6.20,0,10,49,3,10,25,21,14,7,30,16,34,23,17,30,29,5
I,13.59,-6.17,0,10,49,3,10,25,21,14,7,0,0,0,0,0,0,0,0
I,13.59,-6.17,0,10,49,3,10,25,21,14,7,0,0,0,0,0,0,0,0
I,13.59,-6.17,0,10,49,3,10,25,21,14,7,0,0,0,0,0,0,0,0
I,13.59,-6.17,0,10,49,3,10,25,21,14,7,0,0,0,0,0,0,0,0
I,13.59,-6.17,0,10,49,3,10,25,21,14,7,0,0,0,0,0,0,0,0
I,13.59,-6.27,0,10,49,3,10,25,21,14,7,0,0,0,0,0,0,0,0
I,13.59,-6.27,0,10,49,3,10,25,21,14,7,0,0,0,0,0,0,0,0
I,13.59,-6.27,0,10,49,3,10,25,21,14,7,0,0,0,0,0,0,0,0
I,13.59,-6.27,0,10,49,3,10,25,21,14,7,0,0,0,0,0,0,0,0
I,13.59,-6.27,0,10,49,3,10,25,21,14,7,0,0,0,0,0,0,0,0
I,13.63,-6.27,0,45,34,11,25,12,40,40,36,38,0,11,13,15,30,25,34
I,13.63,-6.27,0,45,34,11,25,12,40,40,36,0,0,0,0,0,0,0,0
I,13.63,-6.27,0,45,34,11,25,12,40,40,36,0,0,0,0,0,0,0,0
I,13.63,-6.27,0,45,34,11,25,12,40,40,36,0,0,0,0,0,0,0,0
I,13.63,-6.27,0,45,34,11,25,12,40,40,36,0,0,0,0,0,0,0,0
I,13.57,-6.22,0,45,34,11,25,12,40,40,36,0,0,0,0,0,0,0,0
I,13.57,-6.22,0,45,34,11,25,12,40,40,36,0,0,0,0,0,0,0,0
I,13.57,-6.22,0,45,34,11,25,12,40,40,36,0,0,0,0,0,0,0,0
I,13.57,-6.22,0,45,34,11,25,12,40,40,36,0,0,0,0,0,0,0,0
I,13.57,-6.22,0,45,34,11,25,12,40,40,36,0,0,0,0,0,0,0,0
I,13.59,-6.29,0,45,34,11,25,12,40,40,36,0,0,0,0,0,0,0,0
I,13.59,-6.29,0,0,41,45,2,10,4,33,26,47,18,11,24,15,31,0,2
I,13.59,-6.29,0,0,41,45,2,10,4,33,26,0,0,0,0,0,0,0,0
I,13.59,-6.29,0,0,41,45,2,10,4,33,26,0,0,0,0,0,0,0,0
I,13.59,-6.29,0,0,41,45,2,10,4,33,26,0,0,0,0,0,0,0,0
I,13.54,-6.37,0,0,41,45,2,10,4,33,26,0,0,0,0,0,0,0,0
I,13.54,-6.37,0,0,41,45,2,10,4,33,26,0,0,0,0,0,0,0,0
I,13.54,-6.37,0,0,41,45,2,10,4,33,26,0,0,0,0,0,0,0,0
I,13.54,-6.37,0,0,41,45,2,10,4,33,26,0,0,0,0,0,0,0,0
I,13.54,-6.37,0,0,41,45,2,10,4,33,26,0,0,0,0,0,0,0,0
I,13.50,-6.29,0,0,41,45,2,10,4,33,26,0,0,0,0,0,0,0,0
I,13.50,-6.29,0,0,41,45,2,10,4,33,26,0,0,0,0,0,0,0,0
I,13.50,-6.29,0,38,42,39,10,27,48,14,41,36,2,37,36,5,18,32,13
I,13.50,-6.29,0,38,42,39,10,27,48,14,41,0,0,0,0,0,0,0,0
I,13.50,-6.29,0,38,42,39,10,27,48,14,41,0,0,0,0,0,0,0,0
I,13.56,-6.29,0,38,42,39,10,27,48,14,41,0,0,0,0,0,0,0,0
I,13.56,-6.29,0,38,42,39,10,27,48,14,41,0,0,0,0,0,0,0,0
I,13.56,-6.29,0,38,42,39,10,27,48,14,41,0,0,0,0,0,0,0,0
I,13.56,-6.29,0,38,42,39,10,27,48,14,41,0,0,0,0,0,0,0,0
I,13.56,-6.29,0,38,42,39,10,27,48,14,41,0,0,0,0,0,0,0,0
I,13.47,-6.24,0,38,42,39,10,27,48,14,41,0,0,0,0,0,0,0,0
I,13.47,-6.24,0,38,42,39,10,27,48,14,41,0,0,0,0,0,0,0,0
I,13.47,-6.24,0,38,42,39,10,27,48,14,41,0,0,0,0,0,0,0,0
I,13.47,-6.24,0,22,29,0,2,20,7,5,22,38,13,38,11,33,5,49,30
I,13.47,-6.24,0,22,29,0,2,20,7,5,22,0,0,0,0,0,0,0,0
I,13.55,-6.27,0,22,29,0,2,20,7,5,22,0,0,0,0,0,0,0,0
I,13.55,-6.27,0,22,29,0,2,20,7,5,22,0,0,0,0,0,0,0,0
I,13.55,-6.27,0,22,29,0,2,20,7,5,22,0,0,0,0,0,0,0,0
I,13.55,-6.27,0,22,29,0,2,20,7,5,22,0,0,0,0,0,0,0,0
I,13.55,-6.27,0,22,29,0,2,20,7,5,22,0,0,0,0,0,0,0,0
I,13.53,-6.26,0,22,29,0,2,20,7,5,22,0,0,0,0,0,0,0,0
I,13.53,-6.26,0,22,29,0,2,20,7,5,22,0,0,0,0,0,0,0,0
I,13.53,-6.26,0,22,29,0,2,20,7,5,22,0,0,0,0,0,0,0,0
I,13.53,-6.26,0,22,29,0,2,20,7,5,22,0,0,0,0,0,0,0,0
I,13.53,-6.26,0,42,37,21,8,12,4,47,48,29,38,7,34,35,33,26,39
I,13.66,-6.25,0,42,37,21,8,12,4,47,48,0,0,0,0,0,0,0,0
I,13.66,-6.25,0,42,37,21,8,12,4,47,48,0,0,0,0,0,0,0,0
I,13.66,-6.25,0,42,37,21,8,12,4,47,48,0,0,0,0,0,0,0,0
I,13.66,-6.25,0,42,37,21,8,12,4,47,48,0,0,0,0,0,0,0,0
I,13.66,-6.25,0,42,37,21,8,12,4,47,48,0,0,0,0,0,0,0,0
I,13.61,-6.31,0,42,37,21,8,12,4,47,48,0,0,0,0,0,0,0,0
I,13.61,-6.31,0,42,37,21,8,12,4,47,48,0,0,0,0,0,0,0,0
I,13.61,-6.31,0,42,37,21,8,12,4,47,48,0,0,0,0,0,0,0,0
I,13.61,-6.31,0,42,37,21,8,12,4,47,48,0,0,0,0,0,0,0,0
I,13.61,-6.31,0,42,37,21,8,12,4,47,48,0,0,0,0,0,0,0,0
I,13.51,-6.32,0,13,26,20,36,49,45,12,2,38,44,16,33,40,43,21,49
I,13.51,-6.32,0,13,26,20,36,49,45,12,2,0,0,0,0,0,0,0,0
I,13.51,-6.32,0,13,26,20,36,49,45,12,2,0,0,0,0,0,0,0,0
I,13.51,-6.32,0,13,26,20,36,49,45,12,2,0,0,0,0,0,0,0,0
I,13.51,-6.32,0,13,26,20,36,49,45,12,2,0,0,0,0,0,0,0,0
I,13.61,-6.29,0,13,26,20,36,49,45,12,2,0,0,0,0,0,0,0,0
I,13.61,-6.29,0,13,26,20,36,49,45,12,2,0,0,0,0,0,0,0,0
I,13.61,-6.29,0,13,26,20,36,49,45,12,2,0,0,0,0,0,0,0,0
I,13.61,-6.29,0,13,26,20,36,49,45,12,2,0,0,0,0,0,0,0,0
I,13.61,-6.29,0,13,26,20,36,49,45,12,2,0,0,0,0,0,0,0,0
I,13.56,-6.25,0,13,26,20,36,49,45,12,2,0,0,0,0,0,0,0,0
I,13.56,-6.25,0,8,37,35,43,41,12,8,37,27,42,23,49,4,8,30,28
I,13.56,-6.25,0,8,37,35,43,41,12,8,37,0,0,0,0,0,0,0,0
I,13.56,-6.25,0,8,37,35,43,41,12,8,37,0,0,0,0,0,0,0,0
I,13.56,-6.25,0,8,37,35,43,41,12,8,37,0,0,0,0,0,0,0,0
I,13.51,-6.28,0,8,37,35,43,41,12,8,37,0,0,0,0,0,0,0,0
I,13.51,-6.28,0,8,37,35,43,41,12,8,37,0,0,0,0,0,0,0,0
I,13.51,-6.28,0,8,37,35,43,41,12,8,37,0,0,0,0,0,0,0,0
I,13.51,-6.28,0,8,37,35,43,41,12,8,37,0,0,0,0,0,0,0,0
I,13.51,-6.28,0,8,37,35,43,41,12,8,37,0,0,0,0,0,0,0,0
I,13.52,-6.35,0,8,37,35,43,41,12,8,37,0,0,0,0,0,0,0,0
I,13.52,-6.35,0,8,37,35,43,41,12,8,37,0,0,0,0,0,0,0,0
I,13.52,-6.35,0,23,21,9,19,25,19,19,37,4,15,44,23,17,18,22,47
I,13.52,-6.35,0,23,21,9,19,25,19,19,37,0,0,0,0,0,0,0,0
I,13.52,-6.35,0,23,21,9,19,25,19,19,37,0,0,0,0,0,0,0,0
I,13.58,-6.29,0,23,21,9,19,25,19,19,37,0,0,0,0,0,0,0,0
I,13.58,-6.29,0,23,21,9,19,25,19,19,37,0,0,0,0,0,0,0,0
I,13.58,-6.29,0,23,21,9,19,25,19,19,37,0,0,0,0,0,0,0,0
I,13.58,-6.29,0,23,21,9,19,25,19,19,37,0,0,0,0,0,0,0,0
I,13.58,-6.29,0,23,21,9,19,25,19,19,37,0,0,0,0,0,0,0,0
I,13.58,-6.23,0,23,21,9,19,25,19,19,37,0,0,0,0,0,0,0,0
I,13.58,-6.23,0,23,21,9,19,25,19,19,37,0,0,0,0,0,0,0,0
I,13.58,-6.23,0,23,21,9,19,25,19,19,37,0,0,0,0,0,0,0,0
I,13.58,-6.23,0,27,6,22,19,8,34,22,22,36,8,43,45,15,9,33,0
I,13.58,-6.23,0,27,6,22,19,8,34,22,22,0,0,0,0,0,0,0,0
I,13.53,-6.26,0,27,6,22,19,8,34,22,22,0,0,0,0,0,0,0,0
I,13.53,-6.26,0,27,6,22,19,8,34,22,22,0,0,0,0,0,0,0,0
I,13.53,-6.26,0,27,6,22,19,8,34,22,22,0,0,0,0,0,0,0,0
I,13.53,-6.26,0,27,6,22,19,8,34,22,22,0,0,0,0,0,0,0,0
I,13.53,-6.26,0,27,6,22,19,8,34,22,22,0,0,0,0,0,0,0,0
I,13.47,-6.33,0,27,6,22,19,8,34,22,22,0,0,0,0,0,0,0,0
I,13.47,-6.33,0,27,6,22,19,8,34,22,22,0,0,0,0,0,0,0,0
I,13.47,-6.33,0,27,6,22,19,8,34,22,22,0,0,0,0,0,0,0,0
I,13.47,-6.33,0,27,6,22,19,8,34,22,22,0,0,0,0,0,0,0,0
I,13.47,-6.33,0,42,27,2,11,45,44,23,30,8,46,1,23,31,37,23,10
I,13.61,-6.30,0,42,27,2,11,45,44,23,30,0,0,0,0,0,0,0,0
I,13.61,-6.30,0,42,27,2,11,45,44,23,30,0,0,0,0,0,0,0,0
I,13.61,-6.30,0,42,27,2,11,45,44,23,30,0,0,0,0,0,0,0,0
I,13.61,-6.30,0,42,27,2,11,45,44,23,30,0,0,0,0,0,0,0,0
I,13.61,-6.30,0,42,27,2,11,45,44,23,30,0,0,0,0,0,0,0,0
I,13.59,-6.23,0,42,27,2,11,45,44,23,30,0,0,0,0,0,0,0,0
I,13.59,-6.23,0,42,27,2,11,45,44,23,30,0,0,0,0,0,0,0,0
I,13.59,-6.23,0,42,27,2,11,45,44,23,30,0,0,0,0,0,0,0,0
I,13.59,-6.23,0,42,27,2,11,45,44,23,30,0,0,0,0,0,0,0,0
I,13.59,-6.23,0,42,27,2,11,45,44,23,30,0,0,0,0,0,0,0,0
I,13.46,-6.31,0,5,47,31,29,35,22,16,26,13,19,25,35,42,46,6,39
I,13.46,-6.31,0,5,47,31,29,35,22,16,26,0,0,0,0,0,0,0,0
I,13.46,-6.31,0,5,47,31,29,35,22,16,26,0,0,0,0,0,0,0,0
I,13.46,-6.31,0,5,47,31,29,35,22,16,26,0,0,0,0,0,0,0,0
I,13.46,-6.31,0,5,47,31,29,35,22,16,26,0,0,0,0,0,0,0,0
I,13.65,-6.31,0,5,47,31,29,35,22,16,26,0,0,0,0,0,0,0,0
I,13.65,-6.31,0,5,47,31,29,35,22,16,26,0,0,0,0,0,0,0,0
I,13.65,-6.31,0,5,47,31,29,35,22,16,26,0,0,0,0,0,0,0,0
I,13.65,-6.31,0,5,47,31,29,35,22,16,26,0,0,0,0,0,0,0,0
I,13.65,-6.31,0,5,47,31,29,35,22,16,26,0,0,0,0,0,0,0,0
I,13.59,-6.22,0,5,47,31,29,35,22,16,26,0,0,0,0,0,0,0,0
I,13.59,-6.22,0,46,18,31,0,44,19,4,29,49,47,33,8,9,15,35,11
I,13.59,-6.22,0,46,18,31,0,44,19,4,29,0,0,0,0,0,0,0,0
I,13.59,-6.22,0,46,18,31,0,44,19,4,29,0,0,0,0,0,0,0,0
I,13.59,-6.22,0,46,18,31,0,44,19,4,29,0,0,0,0,0,0,0,0
I,13.56,-6.21,0,46,18,31,0,44,19,4,29,0,0,0,0,0,0,0,0
I,13.56,-6.21,0,46,18,31,0,44,19,4,29,0,0,0,0,0,0,0,0
I,13.56,-6.21,0,46,18,31,0,44,19,4,29,0,0,0,0,0,0,0,0
I,13.56,-6.21,0,46,18,31,0,44,19,4,29,0,0,0,0,0,0,0,0
I,13.56,-6.21,0,46,18,31,0,44,19,4,29,0,0,0,0,0,0,0,0
I,13.65,-6.22,0,46,18,31,0,44,19,4,29,0,0,0,0,0,0,0,0
I,13.65,-6.22,0,46,18,31,0,44,19,4,29,0,0,0,0,0,0,0,0
I,13.65,-6.22,0,27,48,7,19,9,8,42,44,1,14,6,22,43,46,30,0
I,13.65,-6.22,0,27,48,7,19,9,8,42,44,0,0,0,0,0,0,0,0
I,13.65,-6.22,0,27,48,7,19,9,8,42,44,0,0,0,0,0,0,0,0
I,13.62,-6.27,0,27,48,7,19,9,8,42,44,0,0,0,0,0,0,0,0
I,13.62,-6.27,0,27,48,7,19,9,8,42,44,0,0,0,0,0,0,0,0
I,13.62,-6.27,0,27,48,7,19,9,8,42,44,0,0,0,0,0,0,0,0
I,13.62,-6.27,0,27,48,7,19,9,8,42,44,0,0,0,0,0,0,0,0
I,13.62,-6.27,0,27,48,7,19,9,8,42,44,0,0,0,0,0,0,0,0
I,13.52,-6.17,0,27,48,7,19,9,8,42,44,0,0,0,0,0,0,0,0
I,13.52,-6.17,0,27,48,7,19,9,8,42,44,0,0,0,0,0,0,0,0
I,13.52,-6.17,0,27,48,7,19,9,8,42,44,0,0,0,0,0,0,0,0
I,13.52,-6.17,0,27,28,38,30,32,8,13,22,35,46,28,8,39,26,31,17
I,13.52,-6.17,0,27,28,38,30,32,8,13,22,0,0,0,0,0,0,0,0
I,13.54,-6.26,0,27,28,38,30,32,8,13,22,0,0,0,0,0,0,0,0
I,13.54,-6.26,0,27,28,38,30,32,8,13,22,0,0,0,0,0,0,0,0
I,13.54,-6.26,0,27,28,38,30,32,8,13,22,0,0,0,0,0,0,0,0
I,13.54,-6.26,0,27,28,38,30,32,8,13,22,0,0,0,0,0,0,0,0
I,13.54,-6.26,0,27,28,38,30,32,8,13,22,0,0,0,0,0,0,0,0
I,13.59,-6.30,0,27,28,38,30,32,8,13,22,0,0,0,0,0,0,0,0
I,13.59,-6.30,0,27,28,38,30,32,8,13,22,0,0,0,0,0,0,0,0
I,13.59,-6.30,0,27,28,38,30,32,8,13,22,0,0,0,0,0,0,0,0
I,13.59,-6.30,0,27,28,38,30,32,8,13,22,0,0,0,0,0,0,0,0
I,13.59,-6.30,0,37,12,34,0,18,39,49,5,28,40,5,2,44,19,32,11
I,13.55,-6.30,0,37,12,34,0,18,39,49,5,0,0,0,0,0,0,0,0
I,13.55,-6.30,0,37,12,34,0,18,39,49,5,0,0,0,0,0,0,0,0
I,13.55,-6.30,0,37,12,34,0,18,39,49,5,0,0,0,0,0,0,0,0
I,13.55,-6.30,0,37,12,34,0,18,39,49,5,0,0,0,0,0,0,0,0
I,13.55,-6.30,0,37,12,34,0,18,39,49,5,0,0,0,0,0,0,0,0
I,13.58,-6.30,0,37,12,34,0,18,39,49,5,0,0,0,0,0,0,0,0
I,13.58,-6.30,0,37,12,34,0,18,39,49,5,0,0,0,0,0,0,0,0
I,13.58,-6.30,0,37,12,34,0,18,39,49,5,0,0,0,0,0,0,0,0
I,13.58,-6.30,0,37,12,34,0,18,39,49,5,0,0,0,0,0,0,0,0
I,13.58,-6.30,0,37,12,34,0,18,39,49,5,0,0,0,0,0,0,0,0
I,13.61,-6.21,0,15,17,29,36,9,33,35,44,49,19,7,14,48,43,31,23
I,13.61,-6.21,0,15,17,29,36,9,33,35,44,0,0,0,0,0,0,0,0
I,13.61,-6.21,0,15,17,29,36,9,33,35,44,0,0,0,0,0,0,0,0
I,13.61,-6.21,0,15,17,29,36,9,33,35,44,0,0,0,0,0,0,0,0
I,13.61,-6.21,0,15,17,29,36,9,33,35,44,0,0,0,0,0,0,0,0
I,13.54,-6.35,0,15,17,29,36,9,33,35,44,0,0,0,0,0,0,0,0
I,13.54,-6.35,0,15,17,29,36,9,33,35,44,0,0,0,0,0,0,0,0
I,13.54,-6.35,0,15,17,29,36,9,33,35,44,0,0,0,0,0,0,0,0
I,13.54,-6.35,0,15,17,29,36,9,33,35,44,0,0,0,0,0,0,0,0
I,13.54,-6.35,0,15,17,29,36,9,33,35,44,0,0,0,0,0,0,0,0
I,13.47,-6.29,0,15,17,29,36,9,33,35,44,0,0,0,0,0,0,0,0
I,13.47,-6.29,0,39,34,41,26,43,27,31,23,46,4,31,6,41,8,42,8
I,13.47,-6.29,0,39,34,41,26,43,27,31,23,0,0,0,0,0,0,0,0
I,13.47,-6.29,0,39,34,41,26,43,27,31,23,0,0,0,0,0,0,0,0
I,13.47,-6.29,0,39,34,41,26,43,27,31,23,0,0,0,0,0,0,0,0
I,13.59,-6.27,0,39,34,41,26,43,27,31,23,0,0,0,0,0,0,0,0
I,13.59,-6.27,0,39,34,41,26,43,27,31,23,0,0,0,0,0,0,0,0
I,13.59,-6.27,0,39,34,41,26,43,27,31,23,0,0,0,0,0,0,0,0
I,13.59,-6.27,0,39,34,41,26,43,27,31,23,0,0,0,0,0,0,0,0
I,13.59,-6.27,0,39,34,41,26,43,27,31,23,0,0,0,0,0,0,0,0
I,13.49,-6.28,0,39,34,41,26,43,27,31,23,0,0,0,0,0,0,0,0
I,13.49,-6.28,0,39,34,41,26,43,27,31,23,0,0,0,0,0,0,0,0
I,13.49,-6.28,0,24,36,30,43,35,26,41,21,47,47,10,10,11,17,34,8
I,13.49,-6.28,0,24,36,30,43,35,26,41,21,0,0,0,0,0,0,0,0
I,13.49,-6.28,0,24,36,30,43,35,26,41,21,0,0,0,0,0,0,0,0
I,13.56,-6.31,0,24,36,30,43,35,26,41,21,0,0,0,0,0,0,0,0
I,13.56,-6.31,0,24,36,30,43,35,26,41,21,0,0,0,0,0,0,0,0
I,13.56,-6.31,0,24,36,30,43,35,26,41,21,0,0,0,0,0,0,0,0
I,13.56,-6.31,0,24,36,30,43,35,26,41,21,0,0,0,0,0,0,0,0
I,13.56,-6.31,0,24,36,30,43,35,26,41,21,0,0,0,0,0,0,0,0
I,13.46,-6.24,0,24,36,30,43,35,26,41,21,0,0,0,0,0,0,0,0
I,13.46,-6.24,0,24,36,30,43,35,26,41,21,0,0,0,0,0,0,0,0
I,13.46,-6.24,0,24,36,30,43,35,26,41,21,0,0,0,0,0,0,0,0
I,13.46,-6.24,0,44,35,26,11,33,6,28,19,25,18,24,49,29,22,10,11
I,13.46,-6.24,0,44,35,26,11,33,6,28,19,0,0,0,0,0,0,0,0
I,13.64,-6.32,0,44,35,26,11,33,6,28,19,0,0,0,0,0,0,0,0
I,13.64,-6.32,0,44,35,26,11,33,6,28,19,0,0,0,0,0,0,0,0
I,13.64,-6.32,0,44,35,26,11,33,6,28,19,0,0,0,0,0,0,0,0
I,13.64,-6.32,0,44,35,26,11,33,6,28,19,0,0,0,0,0,0,0,0
I,13.64,-6.32,0,44,35,26,11,33,6,28,19,0,0,0,0,0,0,0,0
I,13.55,-6.23,0,44,35,26,11,33,6,28,19,0,0,0,0,0,0,0,0
I,13.55,-6.23,0,44,35,26,11,33,6,28,19,0,0,0,0,0,0,0,0
I,13.55,-6.23,0,44,35,26,11,33,6,28,19,0,0,0,0,0,0,0,0
I,13.55,-6.23,0,44,35,26,11,33,6,28,19,0,0,0,0,0,0,0,0
I,13.55,-6.23,0,5,40,26,20,34,24,18,8,49,4,25,5,37,22,16,48
I,13.61,-6.24,0,5,40,26,20,34,24,18,8,0,0,0,0,0,0,0,0
I,13.61,-6.24,0,5,40,26,20,34,24,18,8,0,0,0,0,0,0,0,0
I,13.61,-6.24,0,5,40,26,20,34,24,18,8,0,0,0,0,0,0,0,0
I,13.61,-6.24,0,5,40,26,20,34,24,18,8,0,0,0,0,0,0,0,0
I,13.61,-6.24,0,5,40,26,20,34,24,18,8,0,0,0,0,0,0,0,0
I,13.52,-6.30,0,5,40,26,20,34,24,18,8,0,0,0,0,0,0,0,0
I,13.52,-6.30,0,5,40,26,20,34,24,18,8,0,0,0,0,0,0,0,0
I,13.52,-6.30,0,5,40,26,20,34,24,18,8,0,0,0,0,0,0,0,0
I,13.52,-6.30,0,5,40,26,20,34,24,18,8,0,0,0,0,0,0,0,0
I,13.52,-6.30,0,5,40,26,20,34,24,18,8,0,0,0,0,0,0,0,0
I,13.58,-6.33,0,1,44,24,40,39,49,36,11,18,43,42,31,2,9,26,33
I,13.58,-6.33,0,1,44,24,40,39,49,36,11,0,0,0,0,0,0,0,0
I,13.58,-6.33,0,1,44,24,40,39,49,36,11,0,0,0,0,0,0,0,0
I,13.58,-6.33,0,1,44,24,40,39,49,36,11,0,0,0,0,0,0,0,0
I,13.58,-6.33,0,1,44,24,40,39,49,36,11,0,0,0,0,0,0,0,0
I,13.61,-6.23,0,1,44,24,40,39,49,36,11,0,0,0,0,0,0,0,0
I,13.61,-6.23,0,1,44,24,40,39,49,36,11,0,0,0,0,0,0,0,0
I,13.61,-6.23,0,1,44,24,40,39,49,36,11,0,0,0,0,0,0,0,0
I,13.61,-6.23,0,1,44,24,40,39,49,36,11,0,0,0,0,0,0,0,0
I,13.61,-6.23,0,1,44,24,40,39,49,36,11,0,0,0,0,0,0,0,0
I,13.46,-6.31,0,1,44,24,40,39,49,36,11,0,0,0,0,0,0,0,0
I,13.46,-6.31,0,20,39,6,0,11,37,17,4,15,48,18,3,17,22,45,34
I,13.46,-6.31,0,20,39,6,0,11,37,17,4,0,0,0,0,0,0,0,0
I,13.46,-6.31,0,20,39,6,0,11,37,17,4,0,0,0,0,0,0,0,0
I,13.46,-6.31,0,20,39,6,0,11,37,17,4,0,0,0,0,0,0,0,0
I,13.53,-6.20,0,20,39,6,0,11,37,17,4,0,0,0,0,0,0,0,0
I,13.53,-6.20,0,20,39,6,0,11,37,17,4,0,0,0,0,0,0,0,0
I,13.53,-6.20,0,20,39,6,0,11,37,17,4,0,0,0,0,0,0,0,0
I,13.53,-6.20,0,20,39,6,0,11,37,17,4,0,0,0,0,0,0,0,0
I,13.53,-6.20,0,20,39,6,0,11,37,17,4,0,0,0,0,0,0,0,0
I,13.64,-6.20,0,20,39,6,0,11,37,17,4,0,0,0,0,0,0,0,0
I,13.64,-6.20,0,20,39,6,0,11,37,17,4,0,0,0,0,0,0,0,0
I,13.64,-6.20,0,41,45,30,41,0,2,0,8,9,14,49,13,22,26,36,3
I,13.64,-6.20,0,41,45,30,41,0,2,0,8,0,0,0,0,0,0,0,0
I,13.64,-6.20,0,41,45,30,41,0,2,0,8,0,0,0,0,0,0,0,0
I,13.54,-6.35,0,41,45,30,41,0,2,0,8,0,0,0,0,0,0,0,0
I,13.54,-6.35,0,41,45,30,41,0,2,0,8,0,0,0,0,0,0,0,0
I,13.54,-6.35,0,41,45,30,41,0,2,0,8,0,0,0,0,0,0,0,0
I,13.54,-6.35,0,41,45,30,41,0,2,0,8,0,0,0,0,0,0,0,0
I,13.54,-6.35,0,41,45,30,41,0,2,0,8,0,0,0,0,0,0,0,0
I,13.60,-6.26,0,41,45,30,41,0,2,0,8,0,0,0,0,0,0,0,0
I,13.60,-6.26,0,41,45,30,41,0,2,0,8,0,0,0,0,0,0,0,0
I,13.60,-6.26,0,41,45,30,41,0,2,0,8,0,0,0,0,0,0,0,0
I,13.60,-6.26,0,18,16,23,6,17,19,21,1,42,46,20,29,6,35,21,12
I,13.60,-6.26,0,18,16,23,6,17,19,21,1,0,0,0,0,0,0,0,0
I,13.58,-6.22,0,18,16,23,6,17,19,21,1,0,0,0,0,0,0,0,0
I,13.58,-6.22,0,18,16,23,6,17,19,21,1,0,0,0,0,0,0,0,0
I,13.58,-6.22,0,18,16,23,6,17,19,21,1,0,0,0,0,0,0,0,0
I,13.58,-6.22,0,18,16,23,6,17,19,21,1,0,0,0,0,0,0,0,0
I,13.58,-6.22,0,18,16,23,6,17,19,21,1,0,0,0,0,0,0,0,0
I,13.56,-6.29,0,18,16,23,6,17,19,21,1,0,0,0,0,0,0,0,0
I,13.56,-6.29,0,18,16,23,6,17,19,21,1,0,0,0,0,0,0,0,0
I,13.56,-6.29,0,18,16,23,6,17,19,21,1,0,0,0,0,0,0,0,0
I,13.56,-6.29,0,18,16,23,6,17,19,21,1,0,0,0,0,0,0,0,0
I,13.56,-6.29,0,37,48,37,1,10,1,39,25,20,18,40,28,2,26,42,44
I,13.54,-6.28,0,37,48,37,1,10,1,39,25,0,0,0,0,0,0,0,0
I,13.54,-6.28,0,37,48,37,1,10,1,39,25,0,0,0,0,0,0,0,0
I,13.54,-6.28,0,37,48,37,1,10,1,39,25,0,0,0,0,0,0,0,0
I,13.54,-6.28,0,37,48,37,1,10,1,39,25,0,0,0,0,0,0,0,0
I,13.54,-6.28,0,37,48,37,1,10,1,39,25,0,0,0,0,0,0,0,0
I,13.60,-6.21,0,37,48,37,1,10,1,39,25,0,0,0,0,0,0,0,0
I,13.60,-6.21,0,37,48,37,1,10,1,39,25,0,0,0,0,0,0,0,0
I,13.60,-6.21,0,37,48,37,1,10,1,39,25,0,0,0,0,0,0,0,0
I,13.60,-6.21,0,37,48,37,1,10,1,39,25,0,0,0,0,0,0,0,0
I,13.60,-6.21,0,37,48,37,1,10,1,39,25,0,0,0,0,0,0,0,0
I,13.65,-6.25,0,34,4,11,31,0,22,27,44,34,41,10,39,34,39,15,45
I,13.65,-6.25,0,34,4,11,31,0,22,27,44,0,0,0,0,0,0,0,0
I,13.65,-6.25,0,34,4,11,31,0,22,27,44,0,0,0,0,0,0,0,0
I,13.65,-6.25,0,34,4,11,31,0,22,27,44,0,0,0,0,0,0,0,0
I,13.65,-6.25,0,34,4,11,31,0,22,27,44,0,0,0,0,0,0,0,0
I,13.46,-6.31,0,34,4,11,31,0,22,27,44,0,0,0,0,0,0,0,0
I,13.46,-6.31,0,34,4,11,31,0,22,27,44,0,0,0,0,0,0,0,0
I,13.46,-6.31,0,34,4,11,31,0,22,27,44,0,0,0,0,0,0,0,0
I,13.46,-6.31,0,34,4,11,31,0,22,27,44,0,0,0,0,0,0,0,0
I,13.46,-6.31,0,34,4,11,31,0,22,27,44,0,0,0,0,0,0,0,0
I,13.47,-6.38,0,34,4,11,31,0,22,27,44,0,0,0,0,0,0,0,0
I,13.47,-6.38,0,30,23,7,47,19,38,43,6,8,18,1,6,46,4,28,18
I,13.47,-6.38,0,30,23,7,47,19,38,43,6,0,0,0,0,0,0,0,0
I,13.47,-6.38,0,30,23,7,47,19,38,43,6,0,0,0,0,0,0,0,0
I,13.47,-6.38,0,30,23,7,47,19,38,43,6,0,0,0,0,0,0,0,0
I,13.58,-6.28,0,30,23,7,47,19,38,43,6,0,0,0,0,0,0,0,0
I,13.58,-6.28,0,30,23,7,47,19,38,43,6,0,0,0,0,0,0,0,0
I,13.58,-6.28,0,30,23,7,47,19,38,43,6,0,0,0,0,0,0,0,0
I,13.58,-6.28,0,30,23,7,47,19,38,43,6,0,0,0,0,0,0,0,0
I,13.58,-6.28,0,30,23,7,47,19,38,43,6,0,0,0,0,0,0,0,0
I,13.62,-6.23,0,30,23,7,47,19,38,43,6,0,0,0,0,0,0,0,0
I,13.62,-6.23,0,30,23,7,47,19,38,43,6,0,0,0,0,0,0,0,0
I,13.62,-6.23,0,7,44,10,47,31,17,29,5,42,30,39,26,37,18,28,14
I,13.62,-6.23,0,7,44,10,47,31,17,29,5,0,0,0,0,0,0,0,0
I,13.62,-6.23,0,7,44,10,47,31,17,29,5,0,0,0,0,0,0,0,0
I,13.37,-6.31,0,7,44,10,47,31,17,29,5,0,0,0,0,0,0,0,0
I,13.37,-6.31,0,7,44,10,47,31,17,29,5,0,0,0,0,0,0,0,0
I,13.37,-6.31,0,7,44,10,47,31,17,29,5,0,0,0,0,0,0,0,0
I,13.37,-6.31,0,7,44,10,47,31,17,29,5,0,0,0,0,0,0,0,0
I,13.37,-6.31,0,7,44,10,47,31,17,29,5,0,0,0,0,0,0,0,0
I,13.49,-6.28,0,7,44,10,47,31,17,29,5,0,0,0,0,0,0,0,0
I,13.49,-6.28,0,7,44,10,47,31,17,29,5,0,0,0,0,0,0,0,0
I,13.49,-6.28,0,7,44,10,47,31,17,29,5,0,0,0,0,0,0,0,0
I,13.49,-6.28,0,40,18,46,10,26,28,38,44,23,30,18,14,14,27,42,36
I,13.49,-6.28,0,40,18,46,10,26,28,38,44,0,0,0,0,0,0,0,0
I,13.56,-6.28,0,40,18,46,10,26,28,38,44,0,0,0,0,0,0,0,0
I,13.56,-6.28,0,40,18,46,10,26,28,38,44,0,0,0,0,0,0,0,0
I,13.56,-6.28,0,40,18,46,10,26,28,38,44,0,0,0,0,0,0,0,0
I,13.56,-6.28,0,40,18,46,10,26,28,38,44,0,0,0,0,0,0,0,0
I,13.56,-6.28,0,40,18,46,10,26,28,38,44,0,0,0,0,0,0,0,0
I,13.65,-6.25,0,40,18,46,10,26,28,38,44,0,0,0,0,0,0,0,0
I,13.65,-6.25,0,40,18,46,10,26,28,38,44,0,0,0,0,0,0,0,0
I,13.65,-6.25,0,40,18,46,10,26,28,38,44,0,0,0,0,0,0,0,0
I,13.65,-6.25,0,40,18,46,10,26,28,38,44,0,0,0,0,0,0,0,0
I,13.65,-6.25,0,23,7,33,26,29,14,41,24,6,13,3,48,26,21,8,17
I,13.55,-6.31,0,23,7,33,26,29,14,41,24,0,0,0,0,0,0,0,0
I,13.55,-6.31,0,23,7,33,26,29,14,41,24,0,0,0,0,0,0,0,0
I,13.55,-6.31,0,23,7,33,26,29,14,41,24,0,0,0,0,0,0,0,0
I,13.55,-6.31,0,23,7,33,26,29,14,41,24,0,0,0,0,0,0,0,0
I,13.55,-6.31,0,23,7,33,26,29,14,41,24,0,0,0,0,0,0,0,0
I,13.59,-6.25,0,23,7,33,26,29,14,41,24,0,0,0,0,0,0,0,0
I,13.59,-6.25,0,23,7,33,26,29,14,41,24,0,0,0,0,0,0,0,0
I,13.59,-6.25,0,23,7,33,26,29,14,41,24,0,0,0,0,0,0,0,0
I,13.59,-6.25,0,23,7,33,26,29,14,41,24,0,0,0,0,0,0,0,0
I,13.59,-6.25,0,23,7,33,26,29,14,41,24,0,0,0,0,0,0,0,0
I,13.51,-6.26,0,28,6,34,44,1,26,26,5,12,38,1,25,29,17,28,47
I,13.51,-6.26,0,28,6,34,44,1,26,26,5,0,0,0,0,0,0,0,0
I,13.51,-6.26,0,28,6,34,44,1,26,26,5,0,0,0,0,0,0,0,0
I,13.51,-6.26,0,28,6,34,44,1,26,26,5,0,0,0,0,0,0,0,0
I,13.51,-6.26,0,28,6,34,44,1,26,26,5,0,0,0,0,0,0,0,0
I,13.64,-6.30,0,28,6,34,44,1,26,26,5,0,0,0,0,0,0,0,0
I,13.64,-6.30,0,28,6,34,44,1,26,26,5,0,0,0,0,0,0,0,0
I,13.64,-6.30,0,28,6,34,44,1,26,26,5,0,0,0,0,0,0,0,0
I,13.64,-6.30,0,28,6,34,44,1,26,26,5,0,0,0,0,0,0,0,0
I,13.64,-6.30,0,28,6,34,44,1,26,26,5,0,0,0,0,0,0,0,0
I,13.52,-6.26,0,28,6,34,44,1,26,26,5,0,0,0,0,0,0,0,0
I,13.52,-6.26,0,13,2,3,40,23,1,21,9,31,7,39,15,1,34,3,24
I,13.52,-6.26,0,13,2,3,40,23,1,21,9,0,0,0,0,0,0,0,0
I,13.52,-6.26,0,13,2,3,40,23,1,21,9,0,0,0,0,0,0,0,0
I,13.52,-6.26,0,13,2,3,40,23,1,21,9,0,0,0,0,0,0,0,0
I,13.54,-6.26,0,13,2,3,40,23,1,21,9,0,0,0,0,0,0,0,0
I,13.54,-6.26,0,13,2,3,40,23,1,21,9,0,0,0,0,0,0,0,0
I,13.54,-6.26,0,13,2,3,40,23,1,21,9,0,0,0,0,0,0,0,0
I,13.54,-6.26,0,13,2,3,40,23,1,21,9,0,0,0,0,0,0,0,0
I,13.54,-6.26,0,13,2,3,40,23,1,21,9,0,0,0,0,0,0,0,0
I,13.62,-6.29,0,13,2,3,40,23,1,21,9,0,0,0,0,0,0,0,0
I,13.62,-6.29,0,13,2,3,40,23,1,21,9,0,0,0,0,0,0,0,0
I,13.62,-6.29,0,35,12,27,1,31,6,42,19,20,33,14,18,0,17,41,36
I,13.62,-6.29,0,35,12,27,1,31,6,42,19,0,0,0,0,0,0,0,0
I,13.62,-6.29,0,35,12,27,1,31,6,42,19,0,0,0,0,0,0,0,0
I,13.61,-6.27,0,35,12,27,1,31,6,42,19,0,0,0,0,0,0,0,0
I,13.61,-6.27,0,35,12,27,1,31,6,42,19,0,0,0,0,0,0,0,0
I,13.61,-6.27,0,35,12,27,1,31,6,42,19,0,0,0,0,0,0,0,0
I,13.61,-6.27,0,35,12,27,1,31,6,42,19,0,0,0,0,0,0,0,0
I,13.61,-6.27,0,35,12,27,1,31,6,42,19,0,0,0,0,0,0,0,0
I,13.51,-6.23,0,35,12,27,1,31,6,42,19,0,0,0,0,0,0,0,0
I,13.51,-6.23,0,35,12,27,1,31,6,42,19,0,0,0,0,0,0,0,0
I,13.51,-6.23,0,35,12,27,1,31,6,42,19,0,0,0,0,0,0,0,0
I,13.51,-6.23,0,9,37,13,2,35,31,4,20,20,42,21,13,17,32,11,30
I,13.51,-6.23,0,9,37,13,2,35,31,4,20,0,0,0,0,0,0,0,0
I,13.54,-6.22,0,9,37,13,2,35,31,4,20,0,0,0,0,0,0,0,0
I,13.54,-6.22,0,9,37,13,2,35,31,4,20,0,0,0,0,0,0,0,0
I,13.54,-6.22,0,9,37,13,2,35,31,4,20,0,0,0,0,0,0,0,0
I,13.54,-6.22,0,9,37,13,2,35,31,4,20,0,0,0,0,0,0,0,0
I,13.54,-6.22,0,9,37,13,2,35,31,4,20,0,0,0,0,0,0,0,0
I,13.56,-6.26,0,9,37,13,2,35,31,4,20,0,0,0,0,0,0,0,0
I,13.56,-6.26,0,9,37,13,2,35,31,4,20,0,0,0,0,0,0,0,0
I,13.56,-6.26,0,9,37,13,2,35,31,4,20,0,0,0,0,0,0,0,0
I,13.56,-6.26,0,9,37,13,2,35,31,4,20,0,0,0,0,0,0,0,0
I,13.56,-6.26,0,44,19,42,19,30,21,12,13,40,15,37,24,36,3,10,38
I,13.56,-6.19,0,44,19,42,19,30,21,12,13,0,0,0,0,0,0,0,0
I,13.56,-6.19,0,44,19,42,19,30,21,12,13,0,0,0,0,0,0,0,0
I,13.56,-6.19,0,44,19,42,19,30,21,12,13,0,0,0,0,0,0,0,0
I,13.56,-6.19,0,44,19,42,19,30,21,12,13,0,0,0,0,0,0,0,0
I,13.56,-6.19,0,44,19,42,19,30,21,12,13,0,0,0,0,0,0,0,0
I,13.49,-6.26,0,44,19,42,19,30,21,12,13,0,0,0,0,0,0,0,0
I,13.49,-6.26,0,44,19,42,19,30,21,12,13,0,0,0,0,0,0,0,0
I,13.49,-6.26,0,44,19,42,19,30,21,12,13,0,0,0,0,0,0,0,0
I,13.49,-6.26,0,44,19,42,19,30,21,12,13,0,0,0,0,0,0,0,0
I,13.49,-6.26,0,44,19,42,19,30,21,12,13,0,0,0,0,0,0,0,0
I,13.53,-6.26,0,15,36,36,12,7,34,23,11,48,16,38,0,30,4,20,7
I,13.53,-6.26,0,15,36,36,12,7,34,23,11,0,0,0,0,0,0,0,0
I,13.53,-6.26,0,15,36,36,12,7,34,23,11,0,0,0,0,0,0,0,0
I,13.53,-6.26,0,15,36,36,12,7,34,23,11,0,0,0,0,0,0,0,0
I,13.53,-6.26,0,15,36,36,12,7,34,23,11,0,0,0,0,0,0,0,0
I,13.51,-6.25,0,15,36,36,12,7,34,23,11,0,0,0,0,0,0,0,0
I,13.51,-6.25,0,15,36,36,12,7,34,23,11,0,0,0,0,0,0,0,0
I,13.51,-6.25,0,15,36,36,12,7,34,23,11,0,0,0,0,0,0,0,0
I,13.51,-6.25,0,15,36,36,12,7,34,23,11,0,0,0,0,0,0,0,0
I,13.51,-6.25,0,15,36,36,12,7,34,23,11,0,0,0,0,0,0,0,0
I,13.60,-6.19,0,15,36,36,12,7,34,23,11,0,0,0,0,0,0,0,0
I,13.60,-6.19,0,17,48,18,11,41,42,20,17,34,48,47,25,24,12,3,28
I,13.60,-6.19,0,17,48,18,11,41,42,20,17,0,0,0,0,0,0,0,0
I,13.60,-6.19,0,17,48,18,11,41,42,20,17,0,0,0,0,0,0,0,0
I,13.60,-6.19,0,17,48,18,11,41,42,20,17,0,0,0,0,0,0,0,0
I,13.53,-6.25,0,17,48,18,11,41,42,20,17,0,0,0,0,0,0,0,0
I,13.53,-6.25,0,17,48,18,11,41,42,20,17,0,0,0,0,0,0,0,0
I,13.53,-6.25,0,17,48,18,11,41,42,20,17,0,0,0,0,0,0,0,0
I,13.53,-6.25,0,17,48,18,11,41,42,20,17,0,0,0,0,0,0,0,0
I,13.53,-6.25,0,17,48,18,11,41,42,20,17,0,0,0,0,0,0,0,0
I,13.52,-6.25,0,17,48,18,11,41,42,20,17,0,0,0,0,0,0,0,0
I,13.52,-6.25,0,17,48,18,11,41,42,20,17,0,0,0,0,0,0,0,0
I,13.52,-6.25,0,43,13,43,19,32,29,45,30,21,39,37,35,38,38,15,32
I,13.52,-6.25,0,43,13,43,19,32,29,45,30,0,0,0,0,0,0,0,0
I,13.52,-6.25,0,43,13,43,19,32,29,45,30,0,0,0,0,0,0,0,0
I,13.56,-6.27,0,43,13,43,19,32,29,45,30,0,0,0,0,0,0,0,0
I,13.56,-6.27,0,43,13,43,19,32,29,45,30,0,0,0,0,0,0,0,0
I,13.56,-6.27,0,43,13,43,19,32,29,45,30,0,0,0,0,0,0,0,0
I,13.56,-6.27,0,43,13,43,19,32,29,45,30,0,0,0,0,0,0,0,0
I,13.56,-6.27,0,43,13,43,19,32,29,45,30,0,0,0,0,0,0,0,0
I,13.61,-6.23,0,43,13,43,19,32,29,45,30,0,0,0,0,0,0,0,0
I,13.61,-6.23,0,43,13,43,19,32,29,45,30,0,0,0,0,0,0,0,0
I,13.61,-6.23,0,43,13,43,19,32,29,45,30,0,0,0,0,0,0,0,0
I,13.61,-6.23,0,23,47,37,6,15,24,34,2,21,36,29,6,21,47,44,12
I,13.61,-6.23,0,23,47,37,6,15,24,34,2,0,0,0,0,0,0,0,0
I,13.56,-6.23,0,23,47,37,6,15,24,34,2,0,0,0,0,0,0,0,0
I,13.56,-6.23,0,23,47,37,6,15,24,34,2,0,0,0,0,0,0,0,0
I,13.56,-6.23,0,23,47,37,6,15,24,34,2,0,0,0,0,0,0,0,0
I,13.56,-6.23,0,23,47,37,6,15,24,34,2,0,0,0,0,0,0,0,0
I,13.56,-6.23,0,23,47,37,6,15,24,34,2,0,0,0,0,0,0,0,0
I,13.55,-6.21,0,23,47,37,6,15,24,34,2,0,0,0,0,0,0,0,0
I,13.55,-6.21,0,23,47,37,6,15,24,34,2,0,0,0,0,0,0,0,0
I,13.55,-6.21,0,23,47,37,6,15,24,34,2,0,0,0,0,0,0,0,0
I,13.55,-6.21,0,23,47,37,6,15,24,34,2,0,0,0,0,0,0,0,0
I,13.55,-6.21,0,49,46,47,6,36,35,26,27,31,22,19,1,31,40,24,37
I,13.59,-6.28,0,49,46,47,6,36,35,26,27,0,0,0,0,0,0,0,0
I,13.59,-6.28,0,49,46,47,6,36,35,26,27,0,0,0,0,0,0,0,0
I,13.59,-6.28,0,49,46,47,6,36,35,26,27,0,0,0,0,0,0,0,0
I,13.59,-6.28,0,49,46,47,6,36,35,26,27,0,0,0,0,0,0,0,0
I,13.59,-6.28,0,49,46,47,6,36,35,26,27,0,0,0,0,0,0,0,0
I,13.50,-6.22,0,49,46,47,6,36,35,26,27,0,0,0,0,0,0,0,0
I,13.50,-6.22,0,49,46,47,6,36,35,26,27,0,0,0,0,0,0,0,0
I,13.50,-6.22,0,49,46,47,6,36,35,26,27,0,0,0,0,0,0,0,0
I,13.50,-6.22,0,49,46,47,6,36,35,26,27,0,0,0,0,0,0,0,0
I,13.50,-6.22,0,49,46,47,6,36,35,26,27,0,0,0,0,0,0,0,0
I,13.62,-6.27,0,7,33,34,40,8,2,42,24,34,7,0,26,5,40,21,47
I,13.62,-6.27,0,7,33,34,40,8,2,42,24,0,0,0,0,0,0,0,0
I,13.62,-6.27,0,7,33,34,40,8,2,42,24,0,0,0,0,0,0,0,0
I,13.62,-6.27,0,7,33,34,40,8,2,42,24,0,0,0,0,0,0,0,0
I,13.62,-6.27,0,7,33,34,40,8,2,42,24,0,0,0,0,0,0,0,0
I,13.59,-6.26,0,7,33,34,40,8,2,42,24,0,0,0,0,0,0,0,0
I,13.59,-6.26,0,7,33,34,40,8,2,42,24,0,0,0,0,0,0,0,0
I,13.59,-6.26,0,7,33,34,40,8,2,42,24,0,0,0,0,0,0,0,0
I,13.59,-6.26,0,7,33,34,40,8,2,42,24,0,0,0,0,0,0,0,0
I,13.59,-6.26,0,7,33,34,40,8,2,42,24,0,0,0,0,0,0,0,0
I,13.59,-6.25,0,7,33,34,40,8,2,42,24,0,0,0,0,0,0,0,0
I,13.59,-6.25,0,37,42,21,4,18,47,26,16,34,8,29,14,33,27,35,33
I,13.59,-6.25,0,37,42,21,4,18,47,26,16,0,0,0,0,0,0,0,0
I,13.59,-6.25,0,37,42,21,4,18,47,26,16,0,0,0,0,0,0,0,0
I,13.59,-6.25,0,37,42,21,4,18,47,26,16,0,0,0,0,0,0,0,0
I,13.60,-6.36,0,37,42,21,4,18,47,26,16,0,0,0,0,0,0,0,0
I,13.60,-6.36,0,37,42,21,4,18,47,26,16,0,0,0,0,0,0,0,0
I,13.60,-6.36,0,37,42,21,4,18,47,26,16,0,0,0,0,0,0,0,0
I,13.60,-6.36,0,37,42,21,4,18,47,26,16,0,0,0,0,0,0,0,0
I,13.60,-6.36,0,37,42,21,4,18,47,26,16,0,0,0,0,0,0,0,0
I,13.52,-6.33,0,37,42,21,4,18,47,26,16,0,0,0,0,0,0,0,0
I,13.52,-6.33,0,37,42,21,4,18,47,26,16,0,0,0,0,0,0,0,0
I,13.52,-6.33,0,41,46,12,45,33,39,3,40,20,42,2,17,6,1,30,23
I,13.52,-6.33,0,41,46,12,45,33,39,3,40,0,0,0,0,0,0,0,0
I,13.52,-6.33,0,41,46,12,45,33,39,3,40,0,0,0,0,0,0,0,0
I,13.53,-6.20,0,41,46,12,45,33,39,3,40,0,0,0,0,0,0,0,0
I,13.53,-6.20,0,41,46,12,45,33,39,3,40,0,0,0,0,0,0,0,0
I,13.53,-6.20,0,41,46,12,45,33,39,3,40,0,0,0,0,0,0,0,0
I,13.53,-6.20,0,41,46,12,45,33,39,3,40,0,0,0,0,0,0,0,0
I,13.53,-6.20,0,41,46,12,45,33,39,3,40,0,0,0,0,0,0,0,0
I,13.49,-6.32,0,41,46,12,45,33,39,3,40,0,0,0,0,0,0,0,0
I,13.49,-6.32,0,41,46,12,45,33,39,3,40,0,0,0,0,0,0,0,0
I,13.49,-6.32,0,41,46,12,45,33,39,3,40,0,0,0,0,0,0,0,0
I,13.49,-6.32,0,13,23,32,25,42,18,37,18,24,27,21,10,5,2,28,9
I,13.49,-6.32,0,13,23,32,25,42,18,37,18,0,0,0,0,0,0,0,0
I,13.54,-6.25,0,13,23,32,25,42,18,37,18,0,0,0,0,0,0,0,0
I,13.54,-6.25,0,13,23,32,25,42,18,37,18,0,0,0,0,0,0,0,0
I,13.54,-6.25,0,13,23,32,25,42,18,37,18,0,0,0,0,0,0,0,0
I,13.54,-6.25,0,13,23,32,25,42,18,37,18,0,0,0,0,0,0,0,0
I,13.54,-6.25,0,13,23,32,25,42,18,37,18,0,0,0,0,0,0,0,0
I,13.48,-6.31,0,13,23,32,25,42,18,37,18,0,0,0,0,0,0,0,0
I,13.48,-6.31,0,13,23,32,25,42,18,37,18,0,0,0,0,0,0,0,0
I,13.48,-6.31,0,13,23,32,25,42,18,37,18,0,0,0,0,0,0,0,0
I,13.48,-6.31,0,13,23,32,25,42,18,37,18,0,0,0,0,0,0,0,0
I,13.48,-6.31,0,49,2,41,21,42,46,32,7,48,21,29,16,13,9,13,34
I,13.55,-6.27,0,49,2,41,21,42,46,32,7,0,0,0,0,0,0,0,0
I,13.55,-6.27,0,49,2,41,21,42,46,32,7,0,0,0,0,0,0,0,0
I,13.55,-6.27,0,49,2,41,21,42,46,32,7,0,0,0,0,0,0,0,0
I,13.55,-6.27,0,49,2,41,21,42,46,32,7,0,0,0,0,0,0,0,0
I,13.55,-6.27,0,49,2,41,21,42,46,32,7,0,0,0,0,0,0,0,0
I,13.50,-6.21,0,49,2,41,21,42,46,32,7,0,0,0,0,0,0,0,0
I,13.50,-6.21,0,49,2,41,21,42,46,32,7,0,0,0,0,0,0,0,0
I,13.50,-6.21,0,49,2,41,21,42,46,32,7,0,0,0,0,0,0,0,0
I,13.50,-6.21,0,49,2,41,21,42,46,32,7,0,0,0,0,0,0,0,0
I,13.50,-6.21,0,49,2,41,21,42,46,32,7,0,0,0,0,0,0,0,0
I,13.63,-6.24,0,15,25,30,8,3,24,48,27,30,46,31,18,2,34,6,18
I,13.63,-6.24,0,15,25,30,8,3,24,48,27,0,0,0,0,0,0,0,0
I,13.63,-6.24,0,15,25,30,8,3,24,48,27,0,0,0,0,0,0,0,0
I,13.63,-6.24,0,15,25,30,8,3,24,48,27,0,0,0,0,0,0,0,0
I,13.63,-6.24,0,15,25,30,8,3,24,48,27,0,0,0,0,0,0,0,0
I,13.69,-6.27,0,15,25,30,8,3,24,48,27,0,0,0,0,0,0,0,0
I,13.69,-6.27,0,15,25,30,8,3,24,48,27,0,0,0,0,0,0,0,0
I,13.69,-6.27,0,15,25,30,8,3,24,48,27,0,0,0,0,0,0,0,0
I,13.69,-6.27,0,15,25,30,8,3,24,48,27,0,0,0,0,0,0,0,0
I,13.69,-6.27,0,15,25,30,8,3,24,48,27,0,0,0,0,0,0,0,0
I,13.58,-6.31,0,15,25,30,8,3,24,48,27,0,0,0,0,0,0,0,0
I,13.58,-6.31,0,38,40,29,31,10,1,23,4,35,35,45,9,10,15,27,22
I,13.58,-6.31,0,38,40,29,31,10,1,23,4,0,0,0,0,0,0,0,0
I,13.58,-6.31,0,38,40,29,31,10,1,23,4,0,0,0,0,0,0,0,0
I,13.58,-6.31,0,38,40,29,31,10,1,23,4,0,0,0,0,0,0,0,0
I,13.59,-6.27,0,38,40,29,31,10,1,23,4,0,0,0,0,0,0,0,0
I,13.59,-6.27,0,38,40,29,31,10,1,23,4,0,0,0,0,0,0,0,0
I,13.59,-6.27,0,38,40,29,31,10,1,23,4,0,0,0,0,0,0,0,0
I,13.59,-6.27,0,38,40,29,31,10,1,23,4,0,0,0,0,0,0,0,0
I,13.59,-6.27,0,38,40,29,31,10,1,23,4,0,0,0,0,0,0,0,0
I,13.53,-6.19,0,38,40,29,31,10,1,23,4,0,0,0,0,0,0,0,0
I,13.53,-6.19,0,38,40,29,31,10,1,23,4,0,0,0,0,0,0,0,0
I,13.53,-6.19,0,23,45,27,48,36,37,29,42,19,28,49,20,48,12,11,36
I,13.53,-6.19,0,23,45,27,48,36,37,29,42,0,0,0,0,0,0,0,0
I,13.53,-6.19,0,23,45,27,48,36,37,29,42,0,0,0,0,0,0,0,0
I,13.54,-6.22,0,23,45,27,48,36,37,29,42,0,0,0,0,0,0,0,0
I,13.54,-6.22,0,23,45,27,48,36,37,29,42,0,0,0,0,0,0,0,0
I,13.54,-6.22,0,23,45,27,48,36,37,29,42,0,0,0,0,0,0,0,0
I,13.54,-6.22,0,23,45,27,48,36,37,29,42,0,0,0,0,0,0,0,0
I,13.54,-6.22,0,23,45,27,48,36,37,29,42,0,0,0,0,0,0,0,0
I,13.56,-6.27,0,23,45,27,48,36,37,29,42,0,0,0,0,0,0,0,0
I,13.56,-6.27,0,23,45,27,48,36,37,29,42,0,0,0,0,0,0,0,0
I,13.56,-6.27,0,23,45,27,48,36,37,29,42,0,0,0,0,0,0,0,0
I,13.56,-6.27,0,2,3,8,38,3,4,40,18,18,35,38,21,35,39,10,36
I,13.56,-6.27,0,2,3,8,38,3,4,40,18,0,0,0,0,0,0,0,0
I,13.65,-6.23,0,2,3,8,38,3,4,40,18,0,0,0,0,0,0,0,0
I,13.65,-6.23,0,2,3,8,38,3,4,40,18,0,0,0,0,0,0,0,0
I,13.65,-6.23,0,2,3,8,38,3,4,40,18,0,0,0,0,0,0,0,0
I,13.65,-6.23,0,2,3,8,38,3,4,40,18,0,0,0,0,0,0,0,0
I,13.65,-6.23,0,2,3,8,38,3,4,40,18,0,0,0,0,0,0,0,0
I,13.57,-6.20,0,2,3,8,38,3,4,40,18,0,0,0,0,0,0,0,0
I,13.57,-6.20,0,2,3,8,38,3,4,40,18,0,0,0,0,0,0,0,0
I,13.57,-6.20,0,2,3,8,38,3,4,40,18,0,0,0,0,0,0,0,0
I,13.57,-6.20,0,2,3,8,38,3,4,40,18,0,0,0,0,0,0,0,0
I,13.57,-6.20,0,46,8,5,49,20,7,5,49,15,39,9,17,41,20,13,24
I,13.66,-6.16,0,46,8,5,49,20,7,5,49,0,0,0,0,0,0,0,0
I,13.66,-6.16,0,46,8,5,49,20,7,5,49,0,0,0,0,0,0,0,0
I,13.66,-6.16,0,46,8,5,49,20,7,5,49,0,0,0,0,0,0,0,0
I,13.66,-6.16,0,46,8,5,49,20,7,5,49,0,0,0,0,0,0,0,0
I,13.66,-6.16,0,46,8,5,49,20,7,5,49,0,0,0,0,0,0,0,0
I,13.59,-6.30,0,46,8,5,49,20,7,5,49,0,0,0,0,0,0,0,0
I,13.59,-6.30,0,46,8,5,49,20,7,5,49,0,0,0,0,0,0,0,0
I,13.59,-6.30,0,46,8,5,49,20,7,5,49,0,0,0,0,0,0,0,0
I,13.59,-6.30,0,46,8,5,49,20,7,5,49,0,0,0,0,0,0,0,0
I,13.59,-6.30,0,46,8,5,49,20,7,5,49,0,0,0,0,0,0,0,0
I,13.57,-6.25,0,48,16,14,41,29,31,28,13,16,41,14,25,18,40,1,19
I,13.57,-6.25,0,48,16,14,41,29,31,28,13,0,0,0,0,0,0,0,0
I,13.57,-6.25,0,48,16,14,41,29,31,28,13,0,0,0,0,0,0,0,0
I,13.57,-6.25,0,48,16,14,41,29,31,28,13,0,0,0,0,0,0,0,0
I,13.57,-6.25,0,48,16,14,41,29,31,28,13,0,0,0,0,0,0,0,0
I,13.45,-6.26,0,48,16,14,41,29,31,28,13,0,0,0,0,0,0,0,0
I,13.45,-6.26,0,48,16,14,41,29,31,28,13,0,0,0,0,0,0,0,0
I,13.45,-6.26,0,48,16,14,41,29,31,28,13,0,0,0,0,0,0,0,0
I,13.45,-6.26,0,48,16,14,41,29,31,28,13,0,0,0,0,0,0,0,0
I,13.45,-6.26,0,48,16,14,41,29,31,28,13,0,0,0,0,0,0,0,0
I,13.54,-6.31,0,48,16,14,41,29,31,28,13,0,0,0,0,0,0,0,0
I,13.54,-6.31,0,7,20,18,13,26,42,47,35,41,19,31,18,15,5,34,4
I,13.54,-6.31,0,7,20,18,13,26,42,47,35,0,0,0,0,0,0,0,0
I,13.54,-6.31,0,7,20,18,13,26,42,47,35,0,0,0,0,0,0,0,0
I,13.54,-6.31,0,7,20,18,13,26,42,47,35,0,0,0,0,0,0,0,0
I,13.47,-6.25,0,7,20,18,13,26,42,47,35,0,0,0,0,0,0,0,0
I,13.47,-6.25,0,7,20,18,13,26,42,47,35,0,0,0,0,0,0,0,0
I,13.47,-6.25,0,7,20,18,13,26,42,47,35,0,0,0,0,0,0,0,0
I,13.47,-6.25,0,7,20,18,13,26,42,47,35,0,0,0,0,0,0,0,0
I,13.47,-6.25,0,7,20,18,13,26,42,47,35,0,0,0,0,0,0,0,0
I,13.56,-6.26,0,7,20,18,13,26,42,47,35,0,0,0,0,0,0,0,0
I,13.56,-6.26,0,7,20,18,13,26,42,47,35,0,0,0,0,0,0,0,0
I,13.56,-6.26,0,10,11,26,33,39,24,2,31,47,32,32,5,31,17,4,25
I,13.56,-6.26,0,10,11,26,33,39,24,2,31,0,0,0,0,0,0,0,0
I,13.56,-6.26,0,10,11,26,33,39,24,2,31,0,0,0,0,0,0,0,0
I,13.61,-6.23,0,10,11,26,33,39,24,2,31,0,0,0,0,0,0,0,0
I,13.61,-6.23,0,10,11,26,33,39,24,2,31,0,0,0,0,0,0,0,0
I,13.61,-6.23,0,10,11,26,33,39,24,2,31,0,0,0,0,0,0,0,0
I,13.61,-6.23,0,10,11,26,33,39,24,2,31,0,0,0,0,0,0,0,0
I,13.61,-6.23,0,10,11,26,33,39,24,2,31,0,0,0,0,0,0,0,0
I,13.55,-6.26,0,10,11,26,33,39,24,2,31,0,0,0,0,0,0,0,0
I,13.55,-6.26,0,10,11,26,33,39,24,2,31,0,0,0,0,0,0,0,0
I,13.55,-6.26,0,10,11,26,33,39,24,2,31,0,0,0,0,0,0,0,0
I,13.55,-6.26,0,47,0,38,43,42,17,46,28,49,30,45,48,43,31,37,2
I,13.55,-6.26,0,47,0,38,43,42,17,46,28,0,0,0,0,0,0,0,0
I,13.56,-6.31,0,47,0,38,43,42,17,46,28,0,0,0,0,0,0,0,0
I,13.56,-6.31,0,47,0,38,43,42,17,46,28,0,0,0,0,0,0,0,0
I,13.56,-6.31,0,47,0,38,43,42,17,46,28,0,0,0,0,0,0,0,0
I,13.56,-6.31,0,47,0,38,43,42,17,46,28,0,0,0,0,0,0,0,0
I,13.56,-6.31,0,47,0,38,43,42,17,46,28,0,0,0,0,0,0,0,0
I,13.51,-6.29,0,47,0,38,43,42,17,46,28,0,0,0,0,0,0,0,0
I,13.51,-6.29,0,47,0,38,43,42,17,46,28,0,0,0,0,0,0,0,0
I,13.51,-6.29,0,47,0,38,43,42,17,46,28,0,0,0,0,0,0,0,0
I,13.51,-6.29,0,47,0,38,43,42,17,46,28,0,0,0,0,0,0,0,0
I,13.51,-6.29,0,2,14,1,35,32,1,31,36,27,26,33,35,22,30,43,6
I,13.56,-6.22,0,2,14,1,35,32,1,31,36,0,0,0,0,0,0,0,0
I,13.56,-6.22,0,2,14,1,35,32,1,31,36,0,0,0,0,0,0,0,0
I,13.56,-6.22,0,2,14,1,35,32,1,31,36,0,0,0,0,0,0,0,0
I,13.56,-6.22,0,2,14,1,35,32,1,31,36,0,0,0,0,0,0,0,0
I,13.56,-6.22,0,2,14,1,35,32,1,31,36,0,0,0,0,0,0,0,0
I,13.58,-6.18,0,2,14,1,35,32,1,31,36,0,0,0,0,0,0,0,0
I,13.58,-6.18,0,2,14,1,35,32,1,31,36,0,0,0,0,0,0,0,0
I,13.58,-6.18,0,2,14,1,35,32,1,31,36,0,0,0,0,0,0,0,0
I,13.58,-6.18,0,2,14,1,35,32,1,31,36,0,0,0,0,0,0,0,0
I,13.58,-6.18,0,2,14,1,35,32,1,31,36,0,0,0,0,0,0,0,0
I,13.62,-6.25,0,23,14,19,42,46,25,47,21,37,9,29,25,32,37,5,48
I,13.62,-6.25,0,23,14,19,42,46,25,47,21,0,0,0,0,0,0,0,0
I,13.62,-6.25,0,23,14,19,42,46,25,47,21,0,0,0,0,0,0,0,0
I,13.62,-6.25,0,23,14,19,42,46,25,47,21,0,0,0,0,0,0,0,0
I,13.62,-6.25,0,23,14,19,42,46,25,47,21,0,0,0,0,0,0,0,0
I,13.54,-6.21,0,23,14,19,42,46,25,47,21,0,0,0,0,0,0,0,0
I,13.54,-6.21,0,23,14,19,42,46,25,47,21,0,0,0,0,0,0,0,0
I,13.54,-6.21,0,23,14,19,42,46,25,47,21,0,0,0,0,0,0,0,0
I,13.54,-6.21,0,23,14,19,42,46,25,47,21,0,0,0,0,0,0,0,0
I,13.54,-6.21,0,23,14,19,42,46,25,47,21,0,0,0,0,0,0,0,0
I,13.61,-6.21,0,23,14,19,42,46,25,47,21,0,0,0,0,0,0,0,0
I,13.61,-6.21,0,31,49,27,5,43,27,14,4,2,7,48,34,39,49,40,45
I,13.61,-6.21,0,31,49,27,5,43,27,14,4,0,0,0,0,0,0,0,0
I,13.61,-6.21,0,31,49,27,5,43,27,14,4,0,0,0,0,0,0,0,0
I,13.61,-6.21,0,31,49,27,5,43,27,14,4,0,0,0,0,0,0,0,0
I,13.70,-6.22,0,31,49,27,5,43,27,14,4,0,0,0,0,0,0,0,0
I,13.70,-6.22,0,31,49,27,5,43,27,14,4,0,0,0,0,0,0,0,0
I,13.70,-6.22,0,31,49,27,5,43,27,14,4,0,0,0,0,0,0,0,0
I,13.70,-6.22,0,31,49,27,5,43,27,14,4,0,0,0,0,0,0,0,0
I,13.70,-6.22,0,31,49,27,5,43,27,14,4,0,0,0,0,0,0,0,0
I,13.56,-6.21,0,31,49,27,5,43,27,14,4,0,0,0,0,0,0,0,0
I,13.56,-6.21,0,31,49,27,5,43,27,14,4,0,0,0,0,0,0,0,0
I,13.56,-6.21,0,28,49,12,25,14,42,41,2,4,26,41,26,8,17,20,32
I,13.56,-6.21,0,28,49,12,25,14,42,41,2,0,0,0,0,0,0,0,0
I,13.56,-6.21,0,28,49,12,25,14,42,41,2,0,0,0,0,0,0,0,0
I,13.59,-6.21,0,28,49,12,25,14,42,41,2,0,0,0,0,0,0,0,0
I,13.59,-6.21,0,28,49,12,25,14,42,41,2,0,0,0,0,0,0,0,0
I,13.59,-6.21,0,28,49,12,25,14,42,41,2,0,0,0,0,0,0,0,0
I,13.59,-6.21,0,28,49,12,25,14,42,41,2,0,0,0,0,0,0,0,0
I,13.59,-6.21,0,28,49,12,25,14,42,41,2,0,0,0,0,0,0,0,0
I,13.57,-6.28,0,28,49,12,25,14,42,41,2,0,0,0,0,0,0,0,0
I,13.57,-6.28,0,28,49,12,25,14,42,41,2,0,0,0,0,0,0,0,0
I,13.57,-6.28,0,28,49,12,25,14,42,41,2,0,0,0,0,0,0,0,0
I,13.57,-6.28,0,22,13,31,48,45,38,32,26,35,9,40,19,20,1,33,20
I,13.57,-6.28,0,22,13,31,48,45,38,32,26,0,0,0,0,0,0,0,0
I,13.52,-6.33,0,22,13,31,48,45,38,32,26,0,0,0,0,0,0,0,0
I,13.52,-6.33,0,22,13,31,48,45,38,32,26,0,0,0,0,0,0,0,0
I,13.52,-6.33,0,22,13,31,48,45,38,32,26,0,0,0,0,0,0,0,0
I,13.52,-6.33,0,22,13,31,48,45,38,32,26,0,0,0,0,0,0,0,0
I,13.52,-6.33,0,22,13,31,48,45,38,32,26,0,0,0,0,0,0,0,0
I,13.49,-6.31,0,22,13,31,48,45,38,32,26,0,0,0,0,0,0,0,0
I,13.49,-6.31,0,22,13,31,48,45,38,32,26,0,0,0,0,0,0,0,0
I,13.49,-6.31,0,22,13,31,48,45,38,32,26,0,0,0,0,0,0,0,0
I,13.49,-6.31,0,22,13,31,48,45,38,32,26,0,0,0,0,0,0,0,0
I,13.49,-6.31,0,46,45,12,15,1,14,20,17,9,19,8,1,14,16,4,15
I,13.51,-6.27,0,46,45,12,15,1,14,20,17,0,0,0,0,0,0,0,0
I,13.51,-6.27,0,46,45,12,15,1,14,20,17,0,0,0,0,0,0,0,0
I,13.51,-6.27,0,46,45,12,15,1,14,20,17,0,0,0,0,0,0,0,0
I,13.51,-6.27,0,46,45,12,15,1,14,20,17,0,0,0,0,0,0,0,0
I,13.51,-6.27,0,46,45,12,15,1,14,20,17,0,0,0,0,0,0,0,0
I,13.56,-6.26,0,46,45,12,15,1,14,20,17,0,0,0,0,0,0,0,0
I,13.56,-6.26,0,46,45,12,15,1,14,20,17,0,0,0,0,0,0,0,0
I,13.56,-6.26,0,46,45,12,15,1,14,20,17,0,0,0,0,0,0,0,0
I,13.56,-6.26,0,46,45,12,15,1,14,20,17,0,0,0,0,0,0,0,0
I,13.56,-6.26,0,46,45,12,15,1,14,20,17,0,0,0,0,0,0,0,0
I,13.45,-6.23,0,20,44,0,25,23,18,34,44,34,21,44,18,46,15,12,4
I,13.45,-6.23,0,20,44,0,25,23,18,34,44,0,0,0,0,0,0,0,0
I,13.45,-6.23,0,20,44,0,25,23,18,34,44,0,0,0,0,0,0,0,0
I,13.45,-6.23,0,20,44,0,25,23,18,34,44,0,0,0,0,0,0,0,0
I,13.45,-6.23,0,20,44,0,25,23,18,34,44,0,0,0,0,0,0,0,0
I,13.64,-6.24,0,20,44,0,25,23,18,34,44,0,0,0,0,0,0,0,0
I,13.64,-6.24,0,20,44,0,25,23,18,34,44,0,0,0,0,0,0,0,0
I,13.64,-6.24,0,20,44,0,25,23,18,34,44,0,0,0,0,0,0,0,0
I,13.64,-6.24,0,20,44,0,25,23,18,34,44,0,0,0,0,0,0,0,0
I,13.64,-6.24,0,20,44,0,25,23,18,34,44,0,0,0,0,0,0,0,0
I,13.59,-6.20,0,20,44,0,25,23,18,34,44,0,0,0,0,0,0,0,0
I,13.59,-6.20,0,15,13,13,39,